<!DOCTYPE struts PUBLIC
"-//Apache Software Foundation//DTD Struts Configuration 2.0//EN"
"http://struts.apache.org/dtds/struts-2.0.dtd">

<struts>
    <!-- Configuration for the default package. -->
    <package name="default" extends="struts-default" namespace="/">
        <action name="loginAuthAction" class="com.mss.LoginAction">
            <result name="success">welcome.jsp</result>
            <result name="error">index.jsp</result>
        </action>
    </package>
</struts>
